{
    "name": "appframeworkui",
    "title": "App Framework UI plugin",
    "description": "jQuery plugin that enables jQuery use with App Framework UI.",
    "keywords": [
        "ui",
        "mobile",
        "appframework"
    ],
    "version": "2.0",
    "author": {
        "name": "Intel",
        "url": "https://github.com/01org/appframework"
    },
    "maintainers": [
        {
            "name": "Ian Maffett",
            "url": "https://github.com/01org/appframework"
        }
    ],
    "licenses": [
        {
            "type": "MIT",
            "url": "https://github.com/01org/appframework/blob/master/license.txt"
        }
    ],
    "bugs": "https://github.com/01org/appframework/issues",
    "homepage": "http://app-framework-software.intel.com/",
    "docs": "http://app-framework-software.intel.com/doc2.php#afui/afui_jquery",
    "download": "https://github.com/01org/appframework",
    "dependencies": {
        "jquery": ">=1.9",
        "appframework":">=2.0"
    }
}